"artist","firstName","gender","itemInSession","lastName","length","level","location","sessionId","song","userId"
"Frumpies","Anabelle","F","0","Simpson","134.47791","free","Philadelphia-Camden-Wilmington, PA-NJ-DE-MD","455","Hello Kitty","69"
"Kenny G with Peabo Bryson","Anabelle","F","1","Simpson","264.75057","free","Philadelphia-Camden-Wilmington, PA-NJ-DE-MD","455","By The Time This Night Is Over","69"
"Biffy Clyro","Anabelle","F","2","Simpson","189.83138","free","Philadelphia-Camden-Wilmington, PA-NJ-DE-MD","455","God & Satan","69"
"HIM","Lily","F","1","Burns","212.06159","free","New York-Newark-Jersey City, NY-NJ-PA","456","Beautiful","32"
"Matmos","Joseph","M","0","Gutierrez","1449.11628","free","Columbia, SC","284","Supreme Balloon","75"
"Gary Allan","Ryann","F","0","Smith","259.83955","free","Palestine, TX","328","The One","92"
"Miracle Fortress","Ryann","F","1","Smith","200.9073","free","Palestine, TX","328","Five Roses","92"
"Don Omar","Ryann","F","2","Smith","261.35465","free","Palestine, TX","328","Cuentale","92"
"Jay-Z","Ryann","F","3","Smith","212.27057","free","Palestine, TX","328","D'Evils","92"
"Red Hot Chili Peppers","Ryann","F","4","Smith","231.33995","free","Palestine, TX","328","Easily (Album Version)","92"
"Flogging Molly","Chloe","F","1","Cuevas","361.9522","free","San Francisco-Oakland-Hayward, CA","437","Rebels of the Sacred Heart","49"
"Reverend Horton Heat","Chloe","F","2","Cuevas","158.64118","free","San Francisco-Oakland-Hayward, CA","437","Now_ Right Now","49"
"Sea Wolf","Chloe","F","3","Cuevas","232.61995","free","San Francisco-Oakland-Hayward, CA","437","I Made A Resolution","49"
"Jason Mraz & Colbie Caillat","Chloe","F","4","Cuevas","189.6224","free","San Francisco-Oakland-Hayward, CA","437","Lucky (Album Version)","49"
"Jamie Lidell","Chloe","F","5","Cuevas","175.25506","free","San Francisco-Oakland-Hayward, CA","437","Enoughs Enough","49"
"Feist","Chloe","F","6","Cuevas","212.79302","free","San Francisco-Oakland-Hayward, CA","437","Mushaboom (Postal Service Mix)","49"
"Sex Slaves","Chloe","F","12","Cuevas","175.51628","free","San Francisco-Oakland-Hayward, CA","437","We're Going Out Tonight","49"
"Rise Against","Chloe","F","1","Cuevas","169.482","free","San Francisco-Oakland-Hayward, CA","469","To Them These Streets Belong","49"
"BeyoncÃÂ©","Mohammad","M","1","Rodriguez","359.54893","free","Sacramento--Roseville--Arden-Arcade, CA","441","Get Me Bodied","88"
"Nate Dogg","Mohammad","M","2","Rodriguez","356.38812","free","Sacramento--Roseville--Arden-Arcade, CA","441","Never Leave Me Alone","88"
"Taylor Swift","Cierra","F","1","Finley","233.89995","free","Richmond, VA","443","Love Story","96"
"Lynyrd Skynyrd","Ryan","M","0","Smith","216.60689","free","San Jose-Sunnyvale-Santa Clara, CA","452","Sweet home Alabama","26"
"Kelis","Cierra","F","2","Finley","293.58975","free","Richmond, VA","443","Caught Out There (Explicit)","96"
"The Kills","Cierra","F","3","Finley","203.38893","free","Richmond, VA","443","Last Day Of Magic","96"
"Collie Buddz featuring Paul Wall","Aleena","F","1","Kirby","271.62077","paid","Waterloo-Cedar Falls, IA","448","What A Feeling","44"
"Charttraxx Karaoke","Cierra","F","4","Finley","225.17506","free","Richmond, VA","443","Fireflies","96"
"Band Of Horses","Aleena","F","2","Kirby","321.14893","paid","Waterloo-Cedar Falls, IA","448","The Funeral (Album Version)","44"
"Coldplay","Aleena","F","3","Kirby","307.51302","paid","Waterloo-Cedar Falls, IA","448","Clocks","44"
"Bon Jovi","Aleena","F","4","Kirby","228.75383","paid","Waterloo-Cedar Falls, IA","448","Have A Nice Day","44"
"P.O.D.","Aleena","F","5","Kirby","203.7024","paid","Waterloo-Cedar Falls, IA","448","Alive (2006 Remastered Album Version)","44"
"Bloc Party","Aleena","F","6","Kirby","222.04036","paid","Waterloo-Cedar Falls, IA","448","Plans (Replanned by Mogwai)","44"
"Los Prisioneros","Aleena","F","7","Kirby","211.12118","paid","Waterloo-Cedar Falls, IA","448","Pa Pa Pa","44"
"Octopus Project","Aleena","F","8","Kirby","175.25506","paid","Waterloo-Cedar Falls, IA","448","Lots More Stairs","44"
"Roudoudou","Aleena","F","9","Kirby","18.41587","paid","Waterloo-Cedar Falls, IA","448","Ecoute Ce Scratch","44"
"Africando","Aleena","F","10","Kirby","253.54404","paid","Waterloo-Cedar Falls, IA","448","Tierra Tradicional","44"
"RUN-DMC Featuring Method Man_ Kenny Cash_ Mike Ransom_ and Jamel Simmons","Aleena","F","11","Kirby","266.52689","paid","Waterloo-Cedar Falls, IA","448","Simmons Incorporated","44"
"Graham Coxon","Colm","M","1","Santana","197.14567","free","Nashville-Davidson--Murfreesboro--Franklin, TN","414","I'm Goin' Away","67"
"Queens Of The Stone Age","Aleena","F","12","Kirby","231.02649","paid","Waterloo-Cedar Falls, IA","448","In The Fade","44"
"Dance Gavin Dance","Colm","M","2","Santana","193.30567","free","Nashville-Davidson--Murfreesboro--Franklin, TN","414","Strawberry AndrÃÂ© (Album Version)","67"
"Passion Pit","Aleena","F","13","Kirby","243.69587","paid","Waterloo-Cedar Falls, IA","448","Eyes As Candles","44"
"Black Eyed Peas","Colm","M","4","Santana","229.61587","free","Nashville-Davidson--Murfreesboro--Franklin, TN","414","Let's Get It Started","67"
"Plastic Bertrand","Colm","M","5","Santana","180.00934","free","Nashville-Davidson--Murfreesboro--Franklin, TN","414","Ca plane pour moi","67"
"Cream","Colm","M","6","Santana","166.5824","free","Nashville-Davidson--Murfreesboro--Franklin, TN","414","Strange Brew","67"
"Coldplay","Colm","M","7","Santana","284.39465","free","Nashville-Davidson--Murfreesboro--Franklin, TN","414","A Message","67"
"Cute Is What We Aim For","Colm","M","8","Santana","172.22485","free","Nashville-Davidson--Murfreesboro--Franklin, TN","414","Sweat the Battle Before the Battle Sweats You (Album Version)","67"
"Metallica","Connar","M","0","Moreno","256.9922","free","Houston-The Woodlands-Sugar Land, TX","218","Of Wolf And Man","62"
"The Kills","Connar","M","1","Moreno","217.70404","free","Houston-The Woodlands-Sugar Land, TX","218","Tape Song","62"
"Foo Fighters","Connar","M","2","Moreno","271.38567","free","Houston-The Woodlands-Sugar Land, TX","218","The Pretender","62"
"Plaid","Connar","M","3","Moreno","260.96281","free","Houston-The Woodlands-Sugar Land, TX","218","Eyen [Chosen by fans on Warp20.net]","62"
"The Van Pelt","Theodore","M","1","Harris","208.71791","free","Red Bluff, CA","462","It's New To Me","14"
"44","Ryan","M","1","Smith","224.57424","free","San Jose-Sunnyvale-Santa Clara, CA","472","Make You Smile","26"
"Chris Brown","Rylan","M","1","George","275.1473","free","Birmingham-Hoover, AL","446","I May Never Find","16"
"KT Tunstall","Ryan","M","2","Smith","170.47465","free","San Jose-Sunnyvale-Santa Clara, CA","472","Black Horse And The Cherry Tree (Radio Version)","26"
"Cascada","Rylan","M","2","George","184.39791","free","Birmingham-Hoover, AL","446","Kids In America","16"
"Incubus","Ryan","M","3","Smith","293.38077","free","San Jose-Sunnyvale-Santa Clara, CA","472","Black Heart Inertia","26"
"Miike Snow","Tegan","F","1","Levine","220.83873","paid","Portland-South Portland, ME","435","Black & Blue","80"
"Cartola","Tegan","F","2","Levine","208.92689","paid","Portland-South Portland, ME","435","Sala De RecepÃÂ§ÃÂ£o","80"
"Kill The Client","Tegan","F","3","Levine","70.68689","paid","Portland-South Portland, ME","435","Commander In Thief","80"
"Wolfmother","Tegan","F","5","Levine","175.82975","paid","Portland-South Portland, ME","435","Woman","80"
"Old Crow Medicine Show","Tegan","F","6","Levine","231.73179","paid","Portland-South Portland, ME","435","Wagon Wheel","80"
"Architecture In Helsinki","Tegan","F","7","Levine","173.73995","paid","Portland-South Portland, ME","435","Debbie","80"
"Charlie Louvin","Tegan","F","8","Levine","170.86649","paid","Portland-South Portland, ME","435","I Think I'll Live","80"
"Miguel Morales","Tegan","F","9","Levine","270.78485","paid","Portland-South Portland, ME","435","La Derrota de Un Don Juan","80"
"Dominique A","Tegan","F","10","Levine","153.20771","paid","Portland-South Portland, ME","435","Le Courage Des Oiseaux","80"
"Cock Sparrer","Tegan","F","11","Levine","203.25832","paid","Portland-South Portland, ME","435","Run With The Blind","80"
"Jimmy Wakely","Tegan","F","12","Levine","165.74649","paid","Portland-South Portland, ME","435","I Love You So Much It Hurts","80"
"Peter Doherty","Tegan","F","13","Levine","217.02485","paid","Portland-South Portland, ME","435","A Little Death Around the Eyes","80"
"Katy Perry","Tegan","F","14","Levine","246.41261","paid","Portland-South Portland, ME","435","Thinking Of You","80"
"Sidewalk Prophets","Molly","F","0","Taylor","260.62322","free","St. Louis, MO-IL","464","You Love Me Anyway (Album)","35"
"Rise Against","Molly","F","1","Taylor","221.17832","free","St. Louis, MO-IL","464","Torches","35"
"K'Naan","Molly","F","2","Taylor","220.49914","free","St. Louis, MO-IL","464","Wavin'  Flag","35"
"Patrick Jumpen","Ryan","M","0","Smith","208.87465","free","San Jose-Sunnyvale-Santa Clara, CA","480","Holiday","26"
"Alicia Keys","Ryan","M","1","Smith","216.47628","free","San Jose-Sunnyvale-Santa Clara, CA","480","Empire State Of Mind (Part II) Broken Down","26"
"Facto Delafe y las flores azules","Tegan","F","4","Levine","315.81995","paid","Portland-South Portland, ME","774","Enero en la playa","80"
"Kings Of Leon","Kate","F","0","Harrell","204.2771","paid","Lansing-East Lansing, MI","671","Manhattan","97"
"Franz Ferdinand","Kate","F","1","Harrell","204.12036","paid","Lansing-East Lansing, MI","671","Michael","97"
"Blue October","Tegan","F","5","Levine","272.32608","paid","Portland-South Portland, ME","774","Drilled A Wire Through My Cheek","80"
"Elisa","Kate","F","2","Harrell","248.97261","paid","Lansing-East Lansing, MI","671","Almeno Tu Nell'Universo","97"
"The Killers","Kate","F","3","Harrell","225.12281","paid","Lansing-East Lansing, MI","671","A Dustland Fairytale","97"
"FranÃÂ§oise Hardy","Kate","F","4","Harrell","210.12853","paid","Lansing-East Lansing, MI","671","Noir Sur Blanc","97"
"Air","Kate","F","5","Harrell","212.21832","paid","Lansing-East Lansing, MI","671","Playground Love","97"
"Ferry Corsten","Kate","F","6","Harrell","219.55873","paid","Lansing-East Lansing, MI","671","Punk (Radio Edit)","97"
"Beastie Boys","Kate","F","7","Harrell","211.722","paid","Lansing-East Lansing, MI","671","Unite (2009 Digital Remaster)","97"
"Henryk Gorecki","Kate","F","8","Harrell","1029.642","paid","Lansing-East Lansing, MI","671","Symphony No. 3: III. Lento - Cantablile Semplice","97"
"Jill Scott","Tegan","F","10","Levine","213.39383","paid","Portland-South Portland, ME","774","Gimme","80"
"Fleet Foxes","Kate","F","9","Harrell","253.04771","paid","Lansing-East Lansing, MI","671","Drops In The River","97"
"The Wallflowers","Tegan","F","11","Levine","389.95546","paid","Portland-South Portland, ME","774","Another One In The Dark","80"
"Orishas","Kate","F","10","Harrell","242.85995","paid","Lansing-East Lansing, MI","671","Atrevido","97"
"Coyote Shivers","Kate","F","11","Harrell","335.15057","paid","Lansing-East Lansing, MI","671","You're Mine","97"
"Adoniran Barbosa","Tegan","F","12","Levine","225.74975","paid","Portland-South Portland, ME","774","Fica Mais Um Pouco Amor","80"
"Traveling Wilburys","Tegan","F","13","Levine","207.59465","paid","Portland-South Portland, ME","774","End Of The Line","80"
"ISRAEL & NEW BREED","Kate","F","12","Harrell","191.76444","paid","Lansing-East Lansing, MI","671","Favor Of The Lord","97"
"Selena","Tegan","F","14","Levine","235.88526","paid","Portland-South Portland, ME","774","Ya No","80"
"Sunbeam","Kate","F","13","Harrell","383.21587","paid","Lansing-East Lansing, MI","671","One Minute In Heaven","97"
"Guru Josh Project","Tegan","F","15","Levine","192.15628","paid","Portland-South Portland, ME","774","Infinity 2008","80"
"Modeselektor","Kate","F","14","Harrell","290.40281","paid","Lansing-East Lansing, MI","671","Hasir","97"
"Emma Bunton","Tegan","F","16","Levine","241.05751","paid","Portland-South Portland, ME","774","What Took You So Long","80"
"The All-American Rejects","Tegan","F","17","Levine","239.22893","paid","Portland-South Portland, ME","774","Move Along","80"
"Kings Of Leon","Kate","F","15","Harrell","201.79546","paid","Lansing-East Lansing, MI","671","Revelry","97"
"Megadeth","Tegan","F","18","Levine","152.65914","paid","Portland-South Portland, ME","774","Paranoid","80"
"Coldplay","Kate","F","16","Harrell","291.60444","paid","Lansing-East Lansing, MI","671","Speed Of Sound","97"
"Harmonia","Tegan","F","19","Levine","655.77751","paid","Portland-South Portland, ME","774","Sehr kosmisch","80"
"Eyehategod","Tegan","F","20","Levine","310.85669","paid","Portland-South Portland, ME","774","Anxiety Hangover","80"
"Entre RÃÂ­os","Tucker","M","1","Garrison","281.15546","free","Oxnard-Thousand Oaks-Ventura, CA","784","Hoy No","40"
"Rammstein","Tegan","F","21","Levine","289.2273","paid","Portland-South Portland, ME","774","Du Riechst So Gut","80"
"Delerium","Tegan","F","22","Levine","455.8624","paid","Portland-South Portland, ME","774","Drama","80"
"Gareth Emery","Tegan","F","27","Levine","478.92853","paid","Portland-South Portland, ME","774","More Than Everything","80"
"Tevin Campbell","Tegan","F","28","Levine","286.69342","paid","Portland-South Portland, ME","774","I'm Ready (Album Version)","80"
"Hector Lavoe","Tegan","F","29","Levine","330.70975","paid","Portland-South Portland, ME","774","Hacha Y Machete","80"
"Alliance Ethnik","Tegan","F","30","Levine","195.94404","paid","Portland-South Portland, ME","774","SinceritÃÂ© Et Jalousie","80"
"OneRepublic","Tegan","F","31","Levine","224.67873","paid","Portland-South Portland, ME","774","Secrets","80"
"Marea","Tegan","F","32","Levine","261.90322","paid","Portland-South Portland, ME","774","Marea (version acustica)","80"
"Mutemath","Tegan","F","33","Levine","72.95955","paid","Portland-South Portland, ME","774","Collapse (Album Version)","80"
"Yeasayer","Tegan","F","34","Levine","241.89342","paid","Portland-South Portland, ME","774","Ambling Alp (DJ /Rupture & Brent Arnold Remix)","80"
"Righteous Brothers","Tegan","F","35","Levine","225.27955","paid","Portland-South Portland, ME","774","You've Lost That Lovin' Feelin'","80"
"Katy Perry","Tegan","F","36","Levine","179.40853","paid","Portland-South Portland, ME","774","I Kissed A Girl","80"
"The Crests","Tegan","F","37","Levine","182.88281","paid","Portland-South Portland, ME","774","16 Candles","80"
"Anberlin","Tegan","F","38","Levine","215.24853","paid","Portland-South Portland, ME","774","Breathe","80"
"Coldplay","Kate","F","0","Harrell","296.80281","paid","Lansing-East Lansing, MI","797","What If","97"
"Johnnie Taylor","Tegan","F","39","Levine","269.06077","paid","Portland-South Portland, ME","774","Disco Lady","80"
"Xavier Rudd","Kate","F","1","Harrell","180.61016","paid","Lansing-East Lansing, MI","797","My Missing","97"
"Richard Holmes","Tegan","F","40","Levine","213.99465","paid","Portland-South Portland, ME","774","Flyjack","80"
"Telex","Kate","F","2","Harrell","205.63546","paid","Lansing-East Lansing, MI","797","Spike Jones","97"
"Jimi Hendrix","Kate","F","3","Harrell","393.19465","paid","Lansing-East Lansing, MI","797","Here He Comes (Lover Man)","97"
"Manu KatchÃÂ©_ Mathias Eick_ Trygve Seim_ Marcin Wasilewski_ Slawomir Kurkiewicz","Kate","F","4","Harrell","298.78812","paid","Lansing-East Lansing, MI","797","Snapshot","97"
"John Michael Talbot","Kate","F","5","Harrell","210.49424","paid","Lansing-East Lansing, MI","797","Holy Is His Name (For The Bride Album Version)","97"
"John Legend","Kate","F","6","Harrell","278.77832","paid","Lansing-East Lansing, MI","797","P.D.A. (We Just Don't Care)","97"
"Mike Shiver","Kate","F","7","Harrell","400.29995","paid","Lansing-East Lansing, MI","797","On The Surface","97"
"Eminem / Dina Rae","Kate","F","8","Harrell","350.11873","paid","Lansing-East Lansing, MI","797","Superman","97"
"Amy Winehouse","Kate","F","9","Harrell","151.562","paid","Lansing-East Lansing, MI","797","Me & Mr Jones","97"
"Duncan Dhu","Kate","F","11","Harrell","202.91873","paid","Lansing-East Lansing, MI","797","No Puedo Evitar (Pensar En Ti)","97"
"Sneaker Pimps","Kate","F","12","Harrell","250.67057","paid","Lansing-East Lansing, MI","797","Lightning Field","97"
"Trey Songz","Kate","F","13","Harrell","246.90893","paid","Lansing-East Lansing, MI","797","LOL :-) [feat. Gucci Mane & Soulja Boy Tell 'Em] (Album Version)","97"
"CÃÂ³mplices","Kate","F","14","Harrell","270.602","paid","Lansing-East Lansing, MI","797","Es Por Ti","97"
"Taylor Swift","Kate","F","15","Harrell","201.06404","paid","Lansing-East Lansing, MI","797","Our Song","97"
"Amos Lee","Kate","F","16","Harrell","190.87628","paid","Lansing-East Lansing, MI","797","Kid","97"
"Dead Kennedys","Kate","F","17","Harrell","188.42077","paid","Lansing-East Lansing, MI","797","Kill The Poor","97"
"CafÃÂ© Tacvba","Kate","F","18","Harrell","174.41914","paid","Lansing-East Lansing, MI","797","El ciclÃÂ³n","97"
"Thousand Foot Krutch","Kate","F","19","Harrell","208.74404","paid","Lansing-East Lansing, MI","797","Move","97"
"SOJA","Kate","F","20","Harrell","265.87383","paid","Lansing-East Lansing, MI","797","Look within","97"
"Kings Of Leon","Kate","F","21","Harrell","201.79546","paid","Lansing-East Lansing, MI","797","Revelry","97"
"The Red Jumpsuit Apparatus","Amiya","F","0","Davidson","191.84281","paid","Longview, TX","64","Face Down (Album Version)","65"
"Panic At The Disco","Kate","F","24","Harrell","259.29098","paid","Lansing-East Lansing, MI","797","Behind The Sea [Live In Chicago]","97"
"Pavement","Amiya","F","1","Davidson","99.16036","paid","Longview, TX","64","Mercy:The Laundromat","65"
"Lucinda Williams","Amiya","F","2","Davidson","254.79791","paid","Longview, TX","64","Fancy Funeral","65"
"Alfredo Zitarrosa","Kate","F","25","Harrell","267.02322","paid","Lansing-East Lansing, MI","797","Milonga En Do","97"
"First Aid Kit","Amiya","F","3","Davidson","187.97669","paid","Longview, TX","64","Tangerine","65"
"Sam Cooke","Kate","F","26","Harrell","122.04363","paid","Lansing-East Lansing, MI","797","Ain't Misbehavin","97"
"Thursday","Amiya","F","4","Davidson","235.62404","paid","Longview, TX","64","Autobiography Of A Nation (Album Version)","65"
"Guns N' Roses","Kate","F","27","Harrell","184.0322","paid","Lansing-East Lansing, MI","797","Live And Let Die","97"
"Enigma","Ryan","M","0","Smith","262.71302","free","San Jose-Sunnyvale-Santa Clara, CA","794","Knocking On Forbidden Doors","26"
"Dread Zeppelin","Kate","F","28","Harrell","217.49506","paid","Lansing-East Lansing, MI","797","Dancin' On The Killing Floor","97"
"Sister Hazel","Amiya","F","5","Davidson","220.47302","paid","Longview, TX","64","Happy","65"
"The All-American Rejects","Kate","F","29","Harrell","233.27302","paid","Lansing-East Lansing, MI","797","Swing_ Swing","97"
"Evanescence","Ryan","M","1","Smith","237.11302","free","San Jose-Sunnyvale-Santa Clara, CA","794","Bring Me To Life","26"
"BeyoncÃÂ©","Amiya","F","6","Davidson","256.522","paid","Longview, TX","64","Hello","65"
"Tycho","Kate","F","30","Harrell","251.27138","paid","Lansing-East Lansing, MI","797","The Daydream","97"
"No Te Va Gustar","Amiya","F","7","Davidson","35.86567","paid","Longview, TX","64","A La villa","65"
"Twista feat. Kayne West & Jamie Foxx","Amiya","F","8","Davidson","212.55791","paid","Longview, TX","64","Slow Jamz (Feat. Kanye West & Jamie Foxx) (Edited Album Version)","65"
"Incubus","Kate","F","31","Harrell","263.60118","paid","Lansing-East Lansing, MI","797","Are You In?","97"
"Cold","Amiya","F","9","Davidson","189.83138","paid","Longview, TX","64","Stupid Girl","65"
"Wu-Tang Clan","Amiya","F","10","Davidson","214.85669","paid","Longview, TX","64","Dog Sh*t","65"
"Cyndi Lauper","Kate","F","32","Harrell","228.88444","paid","Lansing-East Lansing, MI","797","Girls Just Want To Have Fun","97"
"Five Iron Frenzy","Amiya","F","11","Davidson","236.09424","paid","Longview, TX","64","Canada","65"
"Swirlies","Braden","M","0","Parker","391.23546","free","Youngstown-Warren-Boardman, OH-PA","749","House Of Pancake","74"
"The Knife","Kate","F","33","Harrell","292.54485","paid","Lansing-East Lansing, MI","797","Silent Shout","97"
"Miley Cyrus","Amiya","F","12","Davidson","237.60934","paid","Longview, TX","64","I Miss You","65"
"Eddie Vedder","Kate","F","34","Harrell","151.77098","paid","Lansing-East Lansing, MI","797","Long Nights","97"
"Something Corporate","Braden","M","1","Parker","255.18975","free","Youngstown-Warren-Boardman, OH-PA","749","If You C Jordan","74"
"John Mayer","Amiya","F","13","Davidson","269.71383","paid","Longview, TX","64","Heartbreak Warfare","65"
"DAVE MATTHEWS BAND","Kate","F","35","Harrell","577.74975","paid","Lansing-East Lansing, MI","797","The Maker","97"
"Alice Cooper","Amiya","F","14","Davidson","207.17669","paid","Longview, TX","64","School's Out","65"
"Victor Manuelle","Austin","M","0","Rosales","277.99465","free","New York-Newark-Jersey City, NY-NJ-PA","609","Por Ella","12"
"The Streets","Kate","F","36","Harrell","280.81587","paid","Lansing-East Lansing, MI","797","What Is He Thinking?","97"
"Make Do And Mend","Amiya","F","21","Davidson","200.12363","paid","Longview, TX","64","No Words","65"
"Sara Bareilles","Austin","M","1","Rosales","260.8322","free","New York-Newark-Jersey City, NY-NJ-PA","609","Love Song","12"
"Jason Derulo","Kate","F","37","Harrell","222.61506","paid","Lansing-East Lansing, MI","797","Whatcha Say","97"
"USS (Ubiquitous Synergy Seeker)","Amiya","F","22","Davidson","307.61751","paid","Longview, TX","64","Man Makes The Zoo","65"
"Peter Bjorn And John","Kate","F","38","Harrell","276.89751","paid","Lansing-East Lansing, MI","797","Blue period Picasso","97"
"Paramore","Kate","F","39","Harrell","267.65016","paid","Lansing-East Lansing, MI","797","The Only Exception (Album Version)","97"
"Empire Of The Sun","Kate","F","41","Harrell","413.59628","paid","Lansing-East Lansing, MI","797","Walking On A Dream (Kaskade Remix (Edit))","97"
"Zac Brown Band","Kate","F","42","Harrell","167.99302","paid","Lansing-East Lansing, MI","797","Mary (Album)","97"
"This Beautiful Republic","Kate","F","43","Harrell","172.48608","paid","Lansing-East Lansing, MI","797","Last Second Chance","97"
"Young MC","Kate","F","44","Harrell","291.36934","paid","Lansing-East Lansing, MI","797","Got More Rhymes","97"
"Man Man","Kate","F","45","Harrell","213.83791","paid","Lansing-East Lansing, MI","797","Engwish Bwudd","97"
"Alexi Murdoch","Kate","F","46","Harrell","155.95057","paid","Lansing-East Lansing, MI","797","Love You More","97"
"Miike Snow","Kate","F","47","Harrell","263.88853","paid","Lansing-East Lansing, MI","797","Animal","97"
"The Black Angels","Kate","F","48","Harrell","231.81016","paid","Lansing-East Lansing, MI","797","Bloodhounds On My Trail","97"
"TV On The Radio","Kate","F","49","Harrell","255.73832","paid","Lansing-East Lansing, MI","797","Shout Me Out","97"
"Cat Stevens","Kate","F","50","Harrell","146.52036","paid","Lansing-East Lansing, MI","797","Portobello Road","97"
"Alanis Morissette","Kate","F","51","Harrell","275.56526","paid","Lansing-East Lansing, MI","797","Surrendering (Album Version)","97"
"Mariah Carey","Kate","F","52","Harrell","652.40771","paid","Lansing-East Lansing, MI","797","Anytime You Need A Friend","97"
"Pavement","Kynnedi","F","0","Sanchez","99.16036","free","Cedar Rapids, IA","631","Mercy:The Laundromat","89"
"The Rumble Strips","Kate","F","55","Harrell","152.00608","paid","Lansing-East Lansing, MI","797","Girls And Boys In Love","97"
"Marilyn Manson","Kate","F","56","Harrell","218.8273","paid","Lansing-East Lansing, MI","797","The Beautiful People","97"
"Iration","Kate","F","57","Harrell","190.56281","paid","Lansing-East Lansing, MI","797","Time Bomb","97"
"Camila","Kate","F","58","Harrell","308.00934","paid","Lansing-East Lansing, MI","797","Coleccionista De Canciones","97"
"Evanescence","Kate","F","59","Harrell","290.01098","paid","Lansing-East Lansing, MI","797","Lose Control","97"
"Uniikki","Kate","F","60","Harrell","220.00281","paid","Lansing-East Lansing, MI","797","Paa vauhtii","97"
"keller williams","Kate","F","61","Harrell","230.39955","paid","Lansing-East Lansing, MI","797","221","97"
"The Avett Brothers","Mohammad","M","1","Rodriguez","271.0722","paid","Sacramento--Roseville--Arden-Arcade, CA","744","The Perfect Space","88"
"Tracy Bonham","Mohammad","M","2","Rodriguez","180.74077","paid","Sacramento--Roseville--Arden-Arcade, CA","744","Mother Mother","88"
"Five Iron Frenzy","Mohammad","M","3","Rodriguez","236.09424","paid","Sacramento--Roseville--Arden-Arcade, CA","744","Canada","88"
"Radiohead","Mohammad","M","5","Rodriguez","231.91465","paid","Sacramento--Roseville--Arden-Arcade, CA","744","(Nice Dream)","88"
"Colbie Caillat","Mohammad","M","6","Rodriguez","203.98975","paid","Sacramento--Roseville--Arden-Arcade, CA","744","Magic","88"
"Fabolous / Ne-Yo","Mohammad","M","7","Rodriguez","253.59628","paid","Sacramento--Roseville--Arden-Arcade, CA","744","Make Me Better","88"
"Muse","Mohammad","M","8","Rodriguez","164.67546","paid","Sacramento--Roseville--Arden-Arcade, CA","744","Minimum","88"
"GrÃÂ©gory Lemarchal","Mohammad","M","9","Rodriguez","239.20281","paid","Sacramento--Roseville--Arden-Arcade, CA","744","Mon Ange","88"
"Counting Crows","Mohammad","M","10","Rodriguez","272.79628","paid","Sacramento--Roseville--Arden-Arcade, CA","744","Mr. Jones","88"
"Richard Ashcroft","Mohammad","M","11","Rodriguez","375.03955","paid","Sacramento--Roseville--Arden-Arcade, CA","744","Money To Burn","88"
"In This Moment","Mohammad","M","12","Rodriguez","226.40281","paid","Sacramento--Roseville--Arden-Arcade, CA","744","Prayers","88"
"Lionel Rogg","Mohammad","M","13","Rodriguez","172.38159","paid","Sacramento--Roseville--Arden-Arcade, CA","744","Die Kunst der Fuge_ BWV 1080 (2007 Digital Remaster): Contrapunctus XVII - Inversus","88"
"The O.C. Supertones","Mohammad","M","14","Rodriguez","199.8624","paid","Sacramento--Roseville--Arden-Arcade, CA","744","Revolution","88"
"Radiohead","Mohammad","M","15","Rodriguez","291.21261","paid","Sacramento--Roseville--Arden-Arcade, CA","744","I Might Be Wrong","88"
"Eric Prydz vs Floyd","Mohammad","M","16","Rodriguez","201.1424","paid","Sacramento--Roseville--Arden-Arcade, CA","744","Proper Education","88"
"Devin Townsend","Mohammad","M","17","Rodriguez","221.17832","paid","Sacramento--Roseville--Arden-Arcade, CA","744","Christeen","88"
"Battles","Mohammad","M","18","Rodriguez","511.92118","paid","Sacramento--Roseville--Arden-Arcade, CA","744","TRAS","88"
"Lloyd","Matthew","M","3","Jones","225.98485","paid","Janesville-Beloit, WI","728","Party All Over Your Body","36"
"Kruiz","Mohammad","M","19","Rodriguez","433.31873","paid","Sacramento--Roseville--Arden-Arcade, CA","744","Possessed","88"
"Anthony Hamilton","Matthew","M","4","Jones","232.54159","paid","Janesville-Beloit, WI","728","Can't Let Go","36"
"Rob Zombie","Matthew","M","5","Jones","220.13342","paid","Janesville-Beloit, WI","728","Superbeast","36"
"Sheryl Crow","Mohammad","M","20","Rodriguez","298.78812","paid","Sacramento--Roseville--Arden-Arcade, CA","744","Picture","88"
"Inimigos Da HP","Matthew","M","7","Jones","250.56608","paid","Janesville-Beloit, WI","728","Caca E Cacador","36"
"Yellowcard","Mohammad","M","21","Rodriguez","227.21261","paid","Sacramento--Roseville--Arden-Arcade, CA","744","Space Travel","88"
"The Pussycat Dolls","Matthew","M","8","Jones","235.83302","paid","Janesville-Beloit, WI","728","How Many Times_ How Many Lies","36"
"Justin Bieber","Mohammad","M","22","Rodriguez","214.67383","paid","Sacramento--Roseville--Arden-Arcade, CA","744","One Time","88"
"Bombay Bicycle Club","Matthew","M","9","Jones","245.75955","paid","Janesville-Beloit, WI","728","Always Like This","36"
"B.o.B","Mohammad","M","23","Rodriguez","269.63546","paid","Sacramento--Roseville--Arden-Arcade, CA","744","Nothin' On You [feat. Bruno Mars] (Album Version)","88"
"Death Cab for Cutie","Matthew","M","10","Jones","119.40526","paid","Janesville-Beloit, WI","728","You Can Do Better Than Me (Album Version)","36"
"BeyoncÃÂ©","Matthew","M","11","Jones","301.13914","paid","Janesville-Beloit, WI","728","Me_ Myself And I","36"
"BjÃÂ¶rk","Mohammad","M","24","Rodriguez","185.46893","paid","Sacramento--Roseville--Arden-Arcade, CA","744","Cover Me","88"
"Audioslave","Colm","M","0","Santana","295.47057","free","Nashville-Davidson--Murfreesboro--Franklin, TN","787","Like A Stone","67"
"Rogue Wave","Layla","F","0","Griffin","223.58159","paid","Lake Havasu City-Kingman, AZ","739","Publish My Love (Album Version)","24"
"Lily Allen","Mohammad","M","25","Rodriguez","199.88853","paid","Sacramento--Roseville--Arden-Arcade, CA","744","Not Fair","88"
"Jack Johnson","Matthew","M","12","Jones","223.37261","paid","Janesville-Beloit, WI","728","Sleep Through The Static","36"
"Alicia Keys featuring Tony! Toni! TonÃÂ©! and Jermaine Paul","Layla","F","2","Griffin","284.15955","paid","Lake Havasu City-Kingman, AZ","739","Diary","24"
"Professor Longhair","Mohammad","M","26","Rodriguez","179.77424","paid","Sacramento--Roseville--Arden-Arcade, CA","744","Hey Little Girl","88"
"Helloween","Matthew","M","13","Jones","266.10893","paid","Janesville-Beloit, WI","728","Murderer","36"
"Arcade Fire","Mohammad","M","27","Rodriguez","267.80689","paid","Sacramento--Roseville--Arden-Arcade, CA","744","Headlights Look Like Diamonds","88"
"Charlie Hall","Layla","F","3","Griffin","286.82404","paid","Lake Havasu City-Kingman, AZ","739","Your Glory Endures Forever (Flying Into Daybreak Album Version)","24"
"Big Daddy Weave","Matthew","M","15","Jones","265.76934","paid","Janesville-Beloit, WI","728","You're Worthy Of My Praise - Album Version","36"
"The Gerbils","Mohammad","M","28","Rodriguez","27.01016","paid","Sacramento--Roseville--Arden-Arcade, CA","744","(iii)","88"
"Pretenders","Mohammad","M","29","Rodriguez","181.83791","paid","Sacramento--Roseville--Arden-Arcade, CA","744","Love's a Mystery (LP Version)","88"
"Robert Palmer","Layla","F","4","Griffin","227.97016","paid","Lake Havasu City-Kingman, AZ","739","Casting A Spell (Remixed) (1998 Digital Remaster)","24"
"Blind Blake","Matthew","M","16","Jones","169.40363","paid","Janesville-Beloit, WI","728","Hes In The Jailhouse Now","36"
"Fall Out Boy","Mohammad","M","31","Rodriguez","229.0673","paid","Sacramento--Roseville--Arden-Arcade, CA","744","Sugar_ We're Goin Down","88"
"Insane Clown Posse","Layla","F","5","Griffin","192.44363","paid","Lake Havasu City-Kingman, AZ","739","Superballs","24"
"Dwight Yoakam","Lily","F","0","Koch","239.3073","paid","Chicago-Naperville-Elgin, IL-IN-WI","764","You're The One","15"
"Modjo","Mohammad","M","33","Rodriguez","305.44934","paid","Sacramento--Roseville--Arden-Arcade, CA","744","Lady (Hear Me Tonight)","88"
"Bill Medley & Jennifer Warnes","Layla","F","6","Griffin","290.32444","paid","Lake Havasu City-Kingman, AZ","739","(I've Had) The Time Of My Life","24"
"Dilated Peoples Featuring Kanye West","Matthew","M","18","Jones","245.15873","paid","Janesville-Beloit, WI","728","This Way","36"
"Donavon Frankenreiter","Lily","F","1","Koch","362.03057","paid","Chicago-Naperville-Elgin, IL-IN-WI","764","Fool","15"
"Cher","Mohammad","M","34","Rodriguez","166.94812","paid","Sacramento--Roseville--Arden-Arcade, CA","744","I Go To Sleep (2005 Digital Remaster)","88"
"Black Eyed Peas","Layla","F","7","Griffin","257.54077","paid","Lake Havasu City-Kingman, AZ","739","Imma Be","24"
"Tab Benoit","Mohammad","M","35","Rodriguez","221.09995","paid","Sacramento--Roseville--Arden-Arcade, CA","744","Jambalaya","88"
"Staff Benda Bilili","Lily","F","2","Koch","405.05424","paid","Chicago-Naperville-Elgin, IL-IN-WI","764","Marguerite","15"
"BjÃÂ¶rk","Layla","F","8","Griffin","348.57751","paid","Lake Havasu City-Kingman, AZ","739","Undo","24"
"Kid Cudi / Kanye West / Common","Mohammad","M","36","Rodriguez","237.76608","paid","Sacramento--Roseville--Arden-Arcade, CA","744","Make Her Say","88"
"Pereza","Mohammad","M","37","Rodriguez","188.60363","paid","Sacramento--Roseville--Arden-Arcade, CA","744","Lo  Que Tengo Yo Adentro","88"
"Hot Chip","Lily","F","3","Koch","260.0224","paid","Chicago-Naperville-Elgin, IL-IN-WI","764","Brothers","15"
"Angels and Airwaves","Mohammad","M","38","Rodriguez","302.05342","paid","Sacramento--Roseville--Arden-Arcade, CA","744","The Gift","88"
"Lit","Lily","F","4","Koch","169.03791","paid","Chicago-Naperville-Elgin, IL-IN-WI","764","My Own Worst Enemy","15"
"MGMT","Lily","F","5","Koch","264.17587","paid","Chicago-Naperville-Elgin, IL-IN-WI","764","Time To Pretend","15"
"Otto von Schirach","Mohammad","M","39","Rodriguez","272.06485","paid","Sacramento--Roseville--Arden-Arcade, CA","744","Dance Like A hoe","88"
"Tinchy Stryder / Taio Cruz","Lily","F","6","Koch","195.36934","paid","Chicago-Naperville-Elgin, IL-IN-WI","764","Take Me Back","15"
"Just Jack","Mohammad","M","40","Rodriguez","295.91465","paid","Sacramento--Roseville--Arden-Arcade, CA","744","Starz In Their Eyes","88"
"Taylor Swift","Lily","F","7","Koch","233.89995","paid","Chicago-Naperville-Elgin, IL-IN-WI","764","Love Story","15"
"ISRAEL & NEW BREED","Mohammad","M","41","Rodriguez","120.52853","paid","Sacramento--Roseville--Arden-Arcade, CA","744","Take the Limits Off","88"
"Hootie And The Blowfish","Lily","F","8","Koch","227.05587","paid","Chicago-Naperville-Elgin, IL-IN-WI","764","Only Wanna Be With You (LP Version)","15"
"T.Love","Mohammad","M","42","Rodriguez","271.09832","paid","Sacramento--Roseville--Arden-Arcade, CA","744","Gnijacy Swiat","88"
"Mayday Parade","Ryan","M","0","Smith","209.8673","free","San Jose-Sunnyvale-Santa Clara, CA","800","Walk On Water Or Drown (Album)","26"
"Usher Featuring Lil' Jon & Ludacris","Lily","F","9","Koch","250.38322","paid","Chicago-Naperville-Elgin, IL-IN-WI","764","Yeah!","15"
"Michael BublÃÂ©","Mohammad","M","43","Rodriguez","253.88363","paid","Sacramento--Roseville--Arden-Arcade, CA","744","Moondance (Album Version)","88"
"The Notorious B.I.G.","Ryan","M","1","Smith","230.03383","free","San Jose-Sunnyvale-Santa Clara, CA","800","Hypnotize(Album Version)","26"
"Aphex Twin","Lily","F","10","Koch","290.97751","paid","Chicago-Naperville-Elgin, IL-IN-WI","764","Heliospan","15"
"ATB","Ryan","M","3","Smith","191.7122","free","San Jose-Sunnyvale-Santa Clara, CA","800","Rising Moon","26"
"Spice Girls","Mohammad","M","44","Rodriguez","240.97914","paid","Sacramento--Roseville--Arden-Arcade, CA","744","2 Become 1","88"
"Alliance Ethnik","Lily","F","11","Koch","265.76934","paid","Chicago-Naperville-Elgin, IL-IN-WI","764","Creil City","15"
"Franz Ferdinand","Mohammad","M","45","Rodriguez","233.06404","paid","Sacramento--Roseville--Arden-Arcade, CA","744","The Fallen (Ruined By Justice)","88"
"Marc Et Claude","Lily","F","12","Koch","220.86485","paid","Chicago-Naperville-Elgin, IL-IN-WI","764","I Need Your Lovin' (Like The Sunshine) (Radio Edit)","15"
"Telex","Mohammad","M","46","Rodriguez","44.48608","paid","Sacramento--Roseville--Arden-Arcade, CA","744","ClichÃÂ©","88"
"Laurie Berkner","Lily","F","13","Koch","169.35138","paid","Chicago-Naperville-Elgin, IL-IN-WI","764","Froggie Went a-Courtin'","15"
"DMX","Lily","F","14","Koch","444.70812","paid","Chicago-Naperville-Elgin, IL-IN-WI","764","Ready To Meet Him","15"
"Phil Collins","Lily","F","15","Koch","322.24608","paid","Chicago-Naperville-Elgin, IL-IN-WI","764","Another Day In Paradise","15"
"Vanessa Carlton","Lily","F","16","Koch","237.42649","paid","Chicago-Naperville-Elgin, IL-IN-WI","764","A Thousand Miles","15"
"Lady GaGa","Lily","F","17","Koch","274.18077","paid","Chicago-Naperville-Elgin, IL-IN-WI","764","Alejandro","15"
"Tom Petty And The Heartbreakers","Lily","F","18","Koch","259.76118","paid","Chicago-Naperville-Elgin, IL-IN-WI","764","A Woman In Love (It's Not Me)","15"
"Carcass","Lily","F","19","Koch","175.33342","paid","Chicago-Naperville-Elgin, IL-IN-WI","764","Pyosisified (Rotten To The Gore)","15"
"The Car Is On Fire","Lily","F","20","Koch","218.69669","paid","Chicago-Naperville-Elgin, IL-IN-WI","764","Manuel","15"
"OneRepublic","Lily","F","21","Koch","224.67873","paid","Chicago-Naperville-Elgin, IL-IN-WI","764","Secrets","15"
"Coko featuring Kirk Franklin","Lily","F","25","Koch","249.3122","free","Chicago-Naperville-Elgin, IL-IN-WI","764","I Get Joy","15"
"The Script","Lily","F","32","Koch","260.67546","paid","Chicago-Naperville-Elgin, IL-IN-WI","764","Breakeven","15"
"Daughtry","Lily","F","33","Koch","255.65995","paid","Chicago-Naperville-Elgin, IL-IN-WI","764","Home","15"
"Alceu ValenÃÂ§a","Lily","F","34","Koch","162.58567","paid","Chicago-Naperville-Elgin, IL-IN-WI","764","Recado Falado (MetrÃÂ´ Da Saudade)","15"
"King Diamond","Lily","F","35","Koch","101.22404","paid","Chicago-Naperville-Elgin, IL-IN-WI","764","Introductions","15"
"Avenged Sevenfold","Lily","F","36","Koch","288.23465","paid","Chicago-Naperville-Elgin, IL-IN-WI","764","Scream (Album Version)","15"
"Celtic Woman","Lily","F","37","Koch","142.65424","paid","Chicago-Naperville-Elgin, IL-IN-WI","764","Spanish Lady (Live From Slane Castle)","15"
"Ministry","Lily","F","38","Koch","222.51057","paid","Chicago-Naperville-Elgin, IL-IN-WI","764","Jesus Built My Hotrod (Short_ Pusillanimous_ So-They-Can-Fit-More Commercials-On-The-Radio Edit)","15"
"Pavel Dobes","Lily","F","39","Koch","132.64934","paid","Chicago-Naperville-Elgin, IL-IN-WI","764","Vzpominky IV.","15"
"Prince & The New Power Generation","Lily","F","40","Koch","304.79628","paid","Chicago-Naperville-Elgin, IL-IN-WI","764","Nothing Compares 2 U","15"
"Nickelback","Lily","F","41","Koch","217.62567","paid","Chicago-Naperville-Elgin, IL-IN-WI","764","Savin' Me","15"
"John Mayer","Lily","F","42","Koch","161.56689","paid","Chicago-Naperville-Elgin, IL-IN-WI","764","I'm Gonna Find Another You","15"
"Lily Allen","Lily","F","43","Koch","197.45914","paid","Chicago-Naperville-Elgin, IL-IN-WI","764","Him","15"
"Radiohead","Lily","F","44","Koch","317.93587","paid","Chicago-Naperville-Elgin, IL-IN-WI","764","Weird Fishes/Arpeggi","15"
"Blink-182","Lily","F","45","Koch","166.60853","paid","Chicago-Naperville-Elgin, IL-IN-WI","764","Untitled","15"
"Jane's Addiction","Lily","F","46","Koch","309.86404","paid","Chicago-Naperville-Elgin, IL-IN-WI","764","Classic Girl (2006 Remastered Album Version)","15"
"Dwight Yoakam","Lily","F","47","Koch","239.3073","paid","Chicago-Naperville-Elgin, IL-IN-WI","764","You're The One","15"
"Muse","Lily","F","48","Koch","209.50159","paid","Chicago-Naperville-Elgin, IL-IN-WI","764","Supermassive Black Hole (Twilight Soundtrack Version)","15"
"Madonna","Lily","F","49","Koch","443.11465","paid","Chicago-Naperville-Elgin, IL-IN-WI","764","Sorry (Man With Guitar Mix)","15"
"Hummersqueal","Lily","F","50","Koch","249.96526","paid","Chicago-Naperville-Elgin, IL-IN-WI","764","Estoy harto de tÃÂ­","15"
"Evanescence","Lily","F","51","Koch","236.12036","paid","Chicago-Naperville-Elgin, IL-IN-WI","764","Bring Me To Life","15"
"Charttraxx Karaoke","Lily","F","52","Koch","225.17506","paid","Chicago-Naperville-Elgin, IL-IN-WI","764","Fireflies","15"
"RÃÂ³isÃÂ­n Murphy","Lily","F","53","Koch","277.62893","paid","Chicago-Naperville-Elgin, IL-IN-WI","764","Body Language","15"
"Sugarland","Lily","F","55","Koch","242.1024","paid","Chicago-Naperville-Elgin, IL-IN-WI","764","Joey","15"
"Astrud Gilberto","Lily","F","56","Koch","371.53914","paid","Chicago-Naperville-Elgin, IL-IN-WI","764","All I've Got","15"
"Massive Attack","Lily","F","57","Koch","316.49914","paid","Chicago-Naperville-Elgin, IL-IN-WI","764","Karmacoma","15"
"The Tangent","Lily","F","58","Koch","1328.69179","paid","Chicago-Naperville-Elgin, IL-IN-WI","764","In Earnest (live)","15"
"Cameo","Lily","F","59","Koch","211.98322","paid","Chicago-Naperville-Elgin, IL-IN-WI","764","Word Up!","15"
"Nelly / Jaheim","Lily","F","60","Koch","336.56118","paid","Chicago-Naperville-Elgin, IL-IN-WI","764","My Place","15"
"Daft Punk","Theodore","M","0","Harris","342.54322","free","Red Bluff, CA","543","Around The World / Harder Better Faster Stronger","14"
"Dashboard Confessional","Lily","F","61","Koch","275.01669","paid","Chicago-Naperville-Elgin, IL-IN-WI","764","Dusk And Summer","15"
"My Chemical Romance","Kate","F","1","Harrell","203.04934","paid","Lansing-East Lansing, MI","806","Helena (So Long & Goodnight) (Album Version)","97"
"Laura Marling","Lily","F","62","Koch","220.99546","paid","Chicago-Naperville-Elgin, IL-IN-WI","764","Cross Your Fingers (Single Version)","15"
"Charttraxx Karaoke","Theodore","M","1","Harris","225.17506","free","Red Bluff, CA","543","Fireflies","14"
"David Gray","Kate","F","2","Harrell","313.59955","paid","Lansing-East Lansing, MI","806","Sail Away","97"
"The Notorious B.I.G.","Lily","F","63","Koch","230.03383","paid","Chicago-Naperville-Elgin, IL-IN-WI","764","Hypnotize(Album Version)","15"
"Florence + The Machine","Theodore","M","2","Harris","219.66322","free","Red Bluff, CA","543","Dog Days Are Over (Radio Edit)","14"
"Lisa Hannigan","Kate","F","3","Harrell","246.96118","paid","Lansing-East Lansing, MI","806","Lille","97"
"Alesana","Lily","F","64","Koch","317.962","paid","Chicago-Naperville-Elgin, IL-IN-WI","764","Apology","15"
"Metallica / Marianne Faithfull","Kate","F","4","Harrell","279.11791","paid","Lansing-East Lansing, MI","806","The Memory Remains","97"
"Avril Lavigne","Lily","F","65","Koch","242.41587","paid","Chicago-Naperville-Elgin, IL-IN-WI","764","My Happy Ending","15"
"Bon Jovi","Kate","F","5","Harrell","250.69669","paid","Lansing-East Lansing, MI","806","Livin' On A Prayer","97"
"Radiohead","Lily","F","66","Koch","354.66404","paid","Chicago-Naperville-Elgin, IL-IN-WI","764","How To Disappear Completely","15"
"Veracocha","Jordan","F","0","Hicks","506.93179","free","Salinas, CA","715","Carte Blanche","37"
"Barry Tuckwell/Academy of St Martin-in-the-Fields/Sir Neville Marriner","Kate","F","6","Harrell","277.15873","paid","Lansing-East Lansing, MI","806","Horn Concerto No. 4 in E flat K495: II. Romance (Andante cantabile)","97"
"Dido","Lily","F","67","Koch","217.83465","paid","Chicago-Naperville-Elgin, IL-IN-WI","764","Thank You","15"
"Propagandhi","Chloe","F","3","Cuevas","139.20608","paid","San Francisco-Oakland-Hayward, CA","805","Oka Everywhere","49"
"Rick James","Kevin","M","1","Arellano","263.60118","free","Harrisburg-Carlisle, PA","714","Ghetto Life","66"
"Emil Gilels/Orchestre de la SociÃÂ©tÃÂ© des Concerts du Conservatoire/AndrÃÂ© Cluytens","Kate","F","7","Harrell","375.19628","paid","Lansing-East Lansing, MI","806","Piano Concerto No. 2 in G minor Op. 22 (2006 Digital Remaster): III.  Presto","97"
"Turisas","Lily","F","69","Koch","261.92934","paid","Chicago-Naperville-Elgin, IL-IN-WI","764","Battle Metal","15"
"Box Car Racer","Chloe","F","4","Cuevas","196.93669","paid","San Francisco-Oakland-Hayward, CA","805","There Is","49"
"Muse","Chloe","F","5","Cuevas","209.50159","paid","San Francisco-Oakland-Hayward, CA","805","Supermassive Black Hole (Twilight Soundtrack Version)","49"
"Otis Rush","Lily","F","70","Koch","176.63955","paid","Chicago-Naperville-Elgin, IL-IN-WI","764","Checking On My Baby","15"
"Mercyful Fate","Kate","F","8","Harrell","235.80689","paid","Lansing-East Lansing, MI","806","Listen To The Bell","97"
"Skye Sweetnam","Lily","F","71","Koch","158.40608","paid","Chicago-Naperville-Elgin, IL-IN-WI","764","Sharada","15"
"Ida Corr Vs Fedde Le Grand","Kate","F","9","Harrell","150.46485","paid","Lansing-East Lansing, MI","806","Let Me Think About It","97"
"Kurt Vile","Lily","F","72","Koch","202.34404","paid","Chicago-Naperville-Elgin, IL-IN-WI","764","Best Love","15"
"Steinski","Kate","F","10","Harrell","101.72036","paid","Lansing-East Lansing, MI","806","Product Of The Environment (Redfern Gowanus Electro Mix)","97"
"Shaggy / Brian & Tony Gold","Lily","F","73","Koch","199.94077","paid","Chicago-Naperville-Elgin, IL-IN-WI","764","Hey Sexy Lady","15"
"Bread","Lily","F","74","Koch","190.53669","paid","Chicago-Naperville-Elgin, IL-IN-WI","764","Look What You've Done (LP Version)","15"
"BeyoncÃÂ©","Lily","F","75","Koch","260.20526","paid","Chicago-Naperville-Elgin, IL-IN-WI","764","Be With You","15"
"Divinyls","Zachary","M","0","Thomas","227.68281","free","New York-Newark-Jersey City, NY-NJ-PA","592","I Touch Myself","19"
"Erin Bode","Lily","F","76","Koch","252.05506","paid","Chicago-Naperville-Elgin, IL-IN-WI","764","Here_ There And Everywhere","15"
"Drowning Pool","Zachary","M","1","Thomas","229.35465","free","New York-Newark-Jersey City, NY-NJ-PA","592","Reason I'm Alive (Explicit)","19"
"Brujeria","Zachary","M","2","Thomas","143.25506","free","New York-Newark-Jersey City, NY-NJ-PA","592","Pititis_ Te Invoco (Album Version)","19"
"Joyce Cooling","Zachary","M","3","Thomas","248.11057","free","New York-Newark-Jersey City, NY-NJ-PA","592","It's Time I Go (Jazz)","19"
"The White Stripes","Zachary","M","4","Thomas","160.31302","free","New York-Newark-Jersey City, NY-NJ-PA","592","Blue Orchid","19"
"R.I.O.","Zachary","M","5","Thomas","217.12934","free","New York-Newark-Jersey City, NY-NJ-PA","592","When The Sun Comes Down","19"
"Bap","Zachary","M","6","Thomas","277.21098","free","New York-Newark-Jersey City, NY-NJ-PA","592","FÃÂ¼r Maria (Album Version)","19"
"Guns N' Roses","Ryan","M","0","Smith","406.17751","free","San Jose-Sunnyvale-Santa Clara, CA","811","Paradise City","26"
"A3Bandas","Ryan","M","1","Smith","107.10159","free","San Jose-Sunnyvale-Santa Clara, CA","811","El arca de Noe","26"
"System of a Down","Emily","F","0","Benson","205.7922","paid","Augusta-Richmond County, GA-SC","768","Sad Statue","58"
"Ghostland Observatory","Emily","F","1","Benson","224.26077","paid","Augusta-Richmond County, GA-SC","768","Stranger Lover","58"
"Evergreen Terrace","Emily","F","2","Benson","172.38159","paid","Augusta-Richmond County, GA-SC","768","Zero","58"
"BjÃÂ¶rk","Kaleb","M","0","Cook","248.55465","free","Yuba City, CA","770","Human Behaviour","54"
"Evanescence","Kaleb","M","1","Cook","279.27465","free","Yuba City, CA","770","Tourniquet","54"
"The Rascals","Chloe","F","0","Cuevas","179.33016","paid","San Francisco-Oakland-Hayward, CA","816","People Got To Be Free","49"
"A Day To Remember","Chloe","F","1","Cuevas","213.81179","paid","San Francisco-Oakland-Hayward, CA","816","My Life For Hire","49"
"Barry Tuckwell/Academy of St Martin-in-the-Fields/Sir Neville Marriner","Chloe","F","2","Cuevas","277.15873","paid","San Francisco-Oakland-Hayward, CA","816","Horn Concerto No. 4 in E flat K495: II. Romance (Andante cantabile)","49"
"Train","Chloe","F","3","Cuevas","213.68118","paid","San Francisco-Oakland-Hayward, CA","816","Shelter Me","49"
"Unearth","Kate","F","0","Harrell","283.58485","paid","Lansing-East Lansing, MI","817","Letting Go","97"
"Guns N' Roses","Chloe","F","4","Cuevas","459.20608","paid","San Francisco-Oakland-Hayward, CA","816","Sympathy For The Devil","49"
"Junior Kelly","Kate","F","1","Harrell","262.26893","paid","Lansing-East Lansing, MI","817","Jah Jah Live On","97"
"Kings Of Leon","Chloe","F","5","Cuevas","201.79546","paid","San Francisco-Oakland-Hayward, CA","816","Revelry","49"
"Eric Johnson","Kate","F","2","Harrell","183.37914","paid","Lansing-East Lansing, MI","817","S.R.V.","97"
"The Pretend It's December Choir","Chloe","F","6","Cuevas","265.53424","paid","San Francisco-Oakland-Hayward, CA","816","It's Christmas So We'll Stop (Choir Version)","49"
"Harmonia","Kate","F","4","Harrell","655.77751","paid","Lansing-East Lansing, MI","817","Sehr kosmisch","97"
"Vampire Weekend","Chloe","F","7","Cuevas","286.17098","paid","San Francisco-Oakland-Hayward, CA","816","Giving Up The Gun","49"
"Great White","Chloe","F","8","Cuevas","357.14567","paid","San Francisco-Oakland-Hayward, CA","816","House Of Broken Love","49"
"Sublime","Kate","F","5","Harrell","172.5122","paid","Lansing-East Lansing, MI","817","Right Back","97"
"Andres Calamaro","Kate","F","6","Harrell","276.13995","paid","Lansing-East Lansing, MI","817","Flaca","97"
"Avril Lavigne","Chloe","F","9","Cuevas","240.48281","paid","San Francisco-Oakland-Hayward, CA","816","When You're Gone","49"
"Metronomy","Chloe","F","10","Cuevas","315.24526","paid","San Francisco-Oakland-Hayward, CA","816","Heartbreaker [Discodeine Remix]","49"
"Andres Calamaro","Kate","F","7","Harrell","278.12526","paid","Lansing-East Lansing, MI","817","El Cantante","97"
"Good Clean Fun","Kate","F","8","Harrell","116.61016","paid","Lansing-East Lansing, MI","817","Its Fun To Be A Vampire&","97"
"Zero 7","Chloe","F","11","Cuevas","259.05587","paid","San Francisco-Oakland-Hayward, CA","816","Mr McGee","49"
"The Stranglers","Kate","F","9","Harrell","211.90485","paid","Lansing-East Lansing, MI","817","Golden Brown","97"
"Snow Patrol","Chloe","F","12","Cuevas","197.09342","paid","San Francisco-Oakland-Hayward, CA","816","Shut Your Eyes","49"
"Mondo Marcio","Kate","F","10","Harrell","218.06975","paid","Lansing-East Lansing, MI","817","Il Solo Rimasto","97"
"Curtis Mayfield","Chloe","F","13","Cuevas","284.99546","paid","San Francisco-Oakland-Hayward, CA","816","Hey_ Baby_ Give It To Me All","49"
"Enrique Iglesias","Kate","F","11","Harrell","301.87057","paid","Lansing-East Lansing, MI","817","Addicted","97"
"Steve Lukather","Chloe","F","14","Cuevas","355.73506","paid","San Francisco-Oakland-Hayward, CA","816","Jammin' With Jesus","49"
"Cocoa Brovas","Kate","F","12","Harrell","60.73424","paid","Lansing-East Lansing, MI","817","What They Call Him (Skit)","97"
"Carlos Y JosÃÂ©","Kate","F","13","Harrell","184.42404","paid","Lansing-East Lansing, MI","817","La Mata De Sandia","97"
"Stars","Kate","F","14","Harrell","225.90649","paid","Lansing-East Lansing, MI","817","Take Me To The Riot","97"
"Amy Winehouse","Chloe","F","15","Cuevas","200.22812","paid","San Francisco-Oakland-Hayward, CA","816","Fuck Me Pumps","49"
"Shakira","Kate","F","15","Harrell","145.84118","paid","Lansing-East Lansing, MI","817","Pienso En Ti","97"
"Modest Mouse","Chloe","F","16","Cuevas","274.62485","paid","San Francisco-Oakland-Hayward, CA","816","Fire It Up","49"
"Kings Of Leon","Kate","F","16","Harrell","231.81016","paid","Lansing-East Lansing, MI","817","Use Somebody","97"
"Jel","Chloe","F","17","Cuevas","217.36444","paid","San Francisco-Oakland-Hayward, CA","816","No Solution","49"
"Kashmir","Kate","F","17","Harrell","262.68689","paid","Lansing-East Lansing, MI","817","The Cynic","97"
"Tab Benoit","Chloe","F","18","Cuevas","221.09995","paid","San Francisco-Oakland-Hayward, CA","816","Jambalaya","49"
"Cartola","Kate","F","18","Harrell","127.242","paid","Lansing-East Lansing, MI","817","Tive Sim","97"
"Old Crow Medicine Show","Chloe","F","19","Cuevas","231.73179","paid","San Francisco-Oakland-Hayward, CA","816","Wagon Wheel","49"
"We The Kings","Kate","F","19","Harrell","155.42812","paid","Lansing-East Lansing, MI","817","Whoa","97"
"Nightwish","Kate","F","20","Harrell","259.34322","paid","Lansing-East Lansing, MI","817","Bye Bye Beautiful","97"
"Sisqo","Chloe","F","20","Cuevas","253.49179","paid","San Francisco-Oakland-Hayward, CA","816","Thong Song","49"
"Lil Wayne / Shanell","Ryann","F","0","Smith","216.81587","free","Palestine, TX","468","American Star","92"
"Carnifex","Kate","F","21","Harrell","253.43955","paid","Lansing-East Lansing, MI","817","Heartless","97"
"Metallica","Chloe","F","21","Cuevas","447.42485","paid","San Francisco-Oakland-Hayward, CA","816","One","49"
"El Coyote Y Su Banda Tierra Santa","Ava","F","0","Robinson","190.51057","free","New Haven-Milford, CT","694","Me Voy A Ir","50"
"Barrington Levy","Ryann","F","1","Smith","196.89556","free","Palestine, TX","468","Poor Man Style","92"
"Hot Chip","Ryann","F","2","Smith","280.5024","free","Palestine, TX","468","Don't Dance","92"
"LCD Soundsystem","Kate","F","22","Harrell","461.89669","paid","Lansing-East Lansing, MI","817","All My Friends","97"
"Marilyn Manson","Chloe","F","22","Cuevas","232.09751","paid","San Francisco-Oakland-Hayward, CA","816","Angel With The Scabbed Wings","49"
"Tommy James And The Shondells","Kate","F","23","Harrell","173.73995","paid","Lansing-East Lansing, MI","817","Hanky Panky (Mono)","97"
"Telefon Tel Aviv","Kate","F","24","Harrell","283.76771","paid","Lansing-East Lansing, MI","817","You Are The Worst Thing In The World","97"
"Kings Of Leon","Kate","F","25","Harrell","201.79546","paid","Lansing-East Lansing, MI","817","Revelry","97"
"Steve Hackett","Kate","F","26","Harrell","100.96281","paid","Lansing-East Lansing, MI","817","The Caretaker","97"
"The Crests","Kate","F","28","Harrell","182.88281","paid","Lansing-East Lansing, MI","817","16 Candles","97"
"Los Concorde","Kate","F","29","Harrell","234.1873","paid","Lansing-East Lansing, MI","817","Rompecabezas","97"
"The dB's","Kate","F","30","Harrell","118.41261","paid","Lansing-East Lansing, MI","817","Black And White","97"
"Octopus Project","Kate","F","31","Harrell","253.25669","paid","Lansing-East Lansing, MI","817","Marshall Examines His Carcass","97"
"Eminem","Celeste","F","0","Williams","248.58077","free","Klamath Falls, OR","626","Just Lose It","53"
"Candy Dulfer","Chloe","F","24","Cuevas","244.00934","paid","San Francisco-Oakland-Hayward, CA","816","Big Girl","49"
"Matt Nathanson","Kate","F","32","Harrell","248.55465","paid","Lansing-East Lansing, MI","817","Sing Me Sweet","97"
"Sam Paglia","Chloe","F","25","Cuevas","106.70975","paid","San Francisco-Oakland-Hayward, CA","816","The Day Lo Bianco Left Sicily","49"
"David Bromberg","Kate","F","33","Harrell","146.36363","paid","Lansing-East Lansing, MI","817","Sheebeg And Sheemore","97"
"John Mayer","Chloe","F","26","Cuevas","321.09669","paid","San Francisco-Oakland-Hayward, CA","816","St. Patrick's Day","49"
"Daft Punk","Kate","F","34","Harrell","199.94077","paid","Lansing-East Lansing, MI","817","Human After All","97"
"Il Divo","Kate","F","35","Harrell","229.8771","paid","Lansing-East Lansing, MI","817","Unchained Melody (Senza Catene)","97"
"Van Der Graaf Generator","Chloe","F","27","Cuevas","594.57261","paid","San Francisco-Oakland-Hayward, CA","816","Killer","49"
"Kardinal Offishall / Rihanna","Kate","F","36","Harrell","223.00689","paid","Lansing-East Lansing, MI","817","Numba 1 (Tide Is High)","97"
"Ghostland Observatory","Kate","F","37","Harrell","266.10893","paid","Lansing-East Lansing, MI","817","Club Soda (Album)","97"
"Guus Meeuwis","Chloe","F","28","Cuevas","219.19302","paid","San Francisco-Oakland-Hayward, CA","816","Laat Mij In Die Waan","49"
"John Mayer","Kate","F","38","Harrell","263.57506","paid","Lansing-East Lansing, MI","817","Free Fallin'","97"
"Support Lesbiens","Chloe","F","29","Cuevas","195.26485","paid","San Francisco-Oakland-Hayward, CA","816","Fisherman's Friend","49"
"Sauce Money Featuring Memphis Bleek","Kate","F","39","Harrell","280.21506","paid","Lansing-East Lansing, MI","817","What We Do (Explicit) (Feat. Memphis Bleek)","97"
"Carmen Consoli","Chloe","F","30","Cuevas","288.7571","paid","San Francisco-Oakland-Hayward, CA","816","Piccolo Cesare","49"
"Mac Lethal","Kate","F","40","Harrell","238.99383","paid","Lansing-East Lansing, MI","817","Know it All","97"
"The Dear Hunter","Chloe","F","31","Cuevas","228.85832","paid","San Francisco-Oakland-Hayward, CA","816","Blood Of The Rose","49"
"Gaelic Storm","Kate","F","41","Harrell","163.23873","paid","Lansing-East Lansing, MI","817","Tell Me Ma","97"
"Espers","Chloe","F","32","Cuevas","598.282","paid","San Francisco-Oakland-Hayward, CA","816","Flaming Telepaths","49"
"Craig David","Kate","F","42","Harrell","184.47628","paid","Lansing-East Lansing, MI","817","One More Lie (Standing In The Shadows)","97"
"La Monja Enana","Kate","F","43","Harrell","144.43057","paid","Lansing-East Lansing, MI","817","VillapingÃÂ¼ino","97"
"The White Stripes","Kate","F","44","Harrell","231.81016","paid","Lansing-East Lansing, MI","817","Seven Nation Army (Album Version)","97"
"Disturbed","Chloe","F","33","Cuevas","226.01098","paid","San Francisco-Oakland-Hayward, CA","816","The Game (Amended Version)","49"
"Silent Stream Of Godless Elegy","Kate","F","45","Harrell","412.83873","paid","Lansing-East Lansing, MI","817","TvÃÂ¡rÃÂ­ v TvÃÂ¡r","97"
"Skream","Chloe","F","34","Cuevas","258.45506","paid","San Francisco-Oakland-Hayward, CA","816","Tortured Soul","49"
"Kings Of Leon","Chloe","F","35","Cuevas","136.54159","paid","San Francisco-Oakland-Hayward, CA","816","Molly's Chambers","49"
"Florence + The Machine","Kate","F","46","Harrell","185.3122","paid","Lansing-East Lansing, MI","817","I'm Not Calling You A Liar","97"
"Joy Division","Chloe","F","36","Cuevas","380.89098","paid","San Francisco-Oakland-Hayward, CA","816","The Eternal","49"
"Iam","Kate","F","47","Harrell","278.22975","paid","Lansing-East Lansing, MI","817","Une Femme Seule","97"
"Adina Howard","Kate","F","48","Harrell","236.40771","paid","Lansing-East Lansing, MI","817","Horny For Your Love (LP Version)","97"
"David Darling","Chloe","F","37","Cuevas","313.0771","paid","San Francisco-Oakland-Hayward, CA","816","Minor Blue","49"
"Cloud Cult","Chloe","F","38","Cuevas","260.25751","paid","San Francisco-Oakland-Hayward, CA","816","May Your Hearts Stay Strong","49"
"FRANK T","Chloe","F","39","Cuevas","24.60689","paid","San Francisco-Oakland-Hayward, CA","816","Ele","49"
"Alceu ValenÃÂ§a","Chloe","F","40","Cuevas","162.58567","paid","San Francisco-Oakland-Hayward, CA","816","Recado Falado (MetrÃÂ´ Da Saudade)","49"
"Tom Waits","Chloe","F","41","Cuevas","190.92853","paid","San Francisco-Oakland-Hayward, CA","816","Flash Pan Hunter","49"
"Third World","Jayden","M","1","Bell","268.79955","free","Dallas-Fort Worth-Arlington, TX","645","1865 (96ÃÂº In The Shade)","91"
"Jill Scott","Chloe","F","42","Cuevas","108.69506","paid","San Francisco-Oakland-Hayward, CA","816","Crown Royal","49"
"The Temptations","Chloe","F","43","Cuevas","246.88281","paid","San Francisco-Oakland-Hayward, CA","816","Ball Of Confusion (That's What The World Is Today)","49"
"Selena Gomez & The Scene","Jayden","M","2","Bell","241.91955","free","Dallas-Fort Worth-Arlington, TX","645","Naturally","91"
"Incubus","Chloe","F","44","Cuevas","289.54077","paid","San Francisco-Oakland-Hayward, CA","816","Warning","49"
"Lily Allen","Jayden","M","3","Bell","240.19546","free","Dallas-Fort Worth-Arlington, TX","645","Littlest Things (Live At The Astoria)","91"
"Band Of Horses","Chloe","F","45","Cuevas","207.5424","paid","San Francisco-Oakland-Hayward, CA","816","Compliments","49"
"Stephan Micus","Chloe","F","46","Cuevas","170.94485","paid","San Francisco-Oakland-Hayward, CA","816","Shen Khar Venakhi","49"
"Pavement","Chloe","F","47","Cuevas","99.16036","paid","San Francisco-Oakland-Hayward, CA","816","Mercy:The Laundromat","49"
"Manolo Otero","Chloe","F","48","Cuevas","253.75302","paid","San Francisco-Oakland-Hayward, CA","816","QuÃÂ© He De Hacer Para Olvidarte","49"
"Randy Crawford","Chloe","F","49","Cuevas","263.33995","paid","San Francisco-Oakland-Hayward, CA","816","Rainy Night In Georgia (Album Version )","49"
"Parkway Drive","Chloe","F","50","Cuevas","338.99057","paid","San Francisco-Oakland-Hayward, CA","816","Horizons","49"
"Radiohead","Chloe","F","51","Cuevas","267.20608","paid","San Francisco-Oakland-Hayward, CA","816","Subterranean Homesick Alien","49"
"Kid Rock","Lily","F","1","Koch","296.95955","paid","Chicago-Naperville-Elgin, IL-IN-WI","818","All Summer Long (Album Version)","15"
"Ray LaMontagne","Lily","F","2","Koch","235.15383","paid","Chicago-Naperville-Elgin, IL-IN-WI","818","Barfly","15"
"CSS","Lily","F","3","Koch","191.42485","paid","Chicago-Naperville-Elgin, IL-IN-WI","818","Meeting Paris Hilton (Album)","15"
"Jason Mraz","Lily","F","4","Koch","252.39465","paid","Chicago-Naperville-Elgin, IL-IN-WI","818","Live High (Album Version)","15"
"Elena","Lily","F","5","Koch","269.58322","paid","Chicago-Naperville-Elgin, IL-IN-WI","818","Setanta matins","15"
"Bullet For My Valentine","Lily","F","6","Koch","258.2722","paid","Chicago-Naperville-Elgin, IL-IN-WI","818","Her Voice Resides","15"
"Deepest Blue","Lily","F","7","Koch","210.54649","paid","Chicago-Naperville-Elgin, IL-IN-WI","818","Deepest Blue","15"
"Laurie Berkner","Lily","F","8","Koch","132.67546","paid","Chicago-Naperville-Elgin, IL-IN-WI","818","The Crabs","15"
"Cake","Lily","F","9","Koch","190.32771","paid","Chicago-Naperville-Elgin, IL-IN-WI","818","Jesus Wrote a Blank Check","15"
"Lara & Reyes","Lily","F","10","Koch","277.41995","paid","Chicago-Naperville-Elgin, IL-IN-WI","818","El Castillo","15"
"LL Cool J","Lily","F","11","Koch","248.68526","paid","Chicago-Naperville-Elgin, IL-IN-WI","818","Around The Way Girl","15"
"El Canto del Loco","Lily","F","12","Koch","226.0371","paid","Chicago-Naperville-Elgin, IL-IN-WI","818","La Suerte De Mi Vida","15"
"Five Iron Frenzy","Lily","F","13","Koch","236.09424","paid","Chicago-Naperville-Elgin, IL-IN-WI","818","Canada","15"
"Kajagoogoo","Lily","F","14","Koch","223.55546","paid","Chicago-Naperville-Elgin, IL-IN-WI","818","Too Shy","15"
"Sin Animo De Lucro","Lily","F","15","Koch","212.1922","paid","Chicago-Naperville-Elgin, IL-IN-WI","818","Dime Tu","15"
"Slayer","Lily","F","16","Koch","233.45587","paid","Chicago-Naperville-Elgin, IL-IN-WI","818","Ghosts Of War","15"
"The Maine","Lily","F","17","Koch","209.00526","paid","Chicago-Naperville-Elgin, IL-IN-WI","818","You Left Me","15"
"Kate Winslet","Lily","F","18","Koch","106.73587","paid","Chicago-Naperville-Elgin, IL-IN-WI","818","What If (Film Version)","15"
"Bertine Zetlitz","Lily","F","19","Koch","246.30812","paid","Chicago-Naperville-Elgin, IL-IN-WI","818","Snow On A Hot Day","15"
"Christopher O'Riley","Lily","F","20","Koch","337.91955","paid","Chicago-Naperville-Elgin, IL-IN-WI","818","paranoid android","15"
"Kanye West","Lily","F","21","Koch","274.41587","paid","Chicago-Naperville-Elgin, IL-IN-WI","818","RoboCop","15"
"Joy Division","Lily","F","22","Koch","170.94485","paid","Chicago-Naperville-Elgin, IL-IN-WI","818","Digital","15"
"Al Green","Lily","F","23","Koch","133.58975","paid","Chicago-Naperville-Elgin, IL-IN-WI","818","I Say A Little Prayer","15"
"Cage The Elephant","Lily","F","24","Koch","228.0224","paid","Chicago-Naperville-Elgin, IL-IN-WI","818","Back Against The Wall","15"
"George Jones","Lily","F","25","Koch","146.85995","paid","Chicago-Naperville-Elgin, IL-IN-WI","818","She's My Rock","15"
"Aly & AJ","Lily","F","26","Koch","150.59546","paid","Chicago-Naperville-Elgin, IL-IN-WI","818","Like Whoa","15"
"Beck","Lily","F","27","Koch","211.1473","paid","Chicago-Naperville-Elgin, IL-IN-WI","818","Girl","15"
"The Decemberists","Lily","F","28","Koch","313.65179","paid","Chicago-Naperville-Elgin, IL-IN-WI","818","Sons & Daughters","15"
"Rammstein","Lily","F","29","Koch","256.28689","paid","Chicago-Naperville-Elgin, IL-IN-WI","818","MOSKAU","15"
"Melody Gardot","Lily","F","30","Koch","261.32853","paid","Chicago-Naperville-Elgin, IL-IN-WI","818","Worrisome Heart","15"
"ENUR Feat NATASJA","Lily","F","31","Koch","230.63465","paid","Chicago-Naperville-Elgin, IL-IN-WI","818","Calabria 2007","15"
"AFI","Lily","F","32","Koch","328.72444","paid","Chicago-Naperville-Elgin, IL-IN-WI","818","Affliction","15"
"Edward Sharpe & The Magnetic Zeros","Lily","F","33","Koch","306.31138","paid","Chicago-Naperville-Elgin, IL-IN-WI","818","Home","15"
"Martina Topley Bird","Lily","F","34","Koch","177.08363","paid","Chicago-Naperville-Elgin, IL-IN-WI","818","Poison","15"
"Ben Jelen","Lily","F","35","Koch","226.55955","paid","Chicago-Naperville-Elgin, IL-IN-WI","818","Come On (Album Version)","15"
"Florence + The Machine","Theodore","M","0","Smith","131.3171","free","Houston-The Woodlands-Sugar Land, TX","796","Kiss With A Fist","52"
"3 Doors Down","Lily","F","36","Koch","237.13914","paid","Chicago-Naperville-Elgin, IL-IN-WI","818","Here Without You","15"
"Jackson Browne","Lily","F","37","Koch","367.35955","paid","Chicago-Naperville-Elgin, IL-IN-WI","818","Sky Blue And Black (LP Version)","15"
"Des'ree","Kaylee","F","1","Summers","246.30812","free","Phoenix-Mesa-Scottsdale, AZ","139","You Gotta Be","8"
"Mr Oizo","Kaylee","F","3","Summers","144.03873","free","Phoenix-Mesa-Scottsdale, AZ","139","Flat 55","8"
"Tamba Trio","Kaylee","F","4","Summers","177.18812","free","Phoenix-Mesa-Scottsdale, AZ","139","Quem Quiser Encontrar O Amor","8"
"The Mars Volta","Kaylee","F","5","Summers","380.42077","free","Phoenix-Mesa-Scottsdale, AZ","139","Eriatarka","8"
"Infected Mushroom","Kaylee","F","6","Summers","440.2673","free","Phoenix-Mesa-Scottsdale, AZ","139","Becoming Insane","8"
"Blue October / Imogen Heap","Kaylee","F","7","Summers","241.3971","free","Phoenix-Mesa-Scottsdale, AZ","139","Congratulations","8"
"Girl Talk","Kaylee","F","8","Summers","160.15628","free","Phoenix-Mesa-Scottsdale, AZ","139","Once again","8"
"Black Eyed Peas","Sylvie","F","0","Cruz","214.93506","free","Washington-Arlington-Alexandria, DC-VA-MD-WV","9","Pump It","10"
"Fall Out Boy","Ryan","M","1","Smith","200.72444","free","San Jose-Sunnyvale-Santa Clara, CA","169","Nobody Puts Baby In The Corner","26"
"M.I.A.","Ryan","M","2","Smith","233.7171","free","San Jose-Sunnyvale-Santa Clara, CA","169","Mango Pickle Down River (With The Wilcannia Mob)","26"
"Survivor","Jayden","M","0","Fox","245.36771","free","New Orleans-Metairie, LA","100","Eye Of The Tiger","101"
